Target,Target_Namespace,Target_Type,Target_Method,Job_Id,Job_AnalyzeLaunchVariance,Job_EvaluateOverhead,Job_MaxAbsoluteError,Job_MaxRelativeError,Job_MinInvokeCount,Job_MinIterationTime,Job_OutlierMode,Job_Affinity,Job_EnvironmentVariables,Job_Jit,Job_Platform,Job_PowerPlanMode,Job_Runtime,Job_AllowVeryLargeObjects,Job_Concurrent,Job_CpuGroups,Job_Force,Job_HeapAffinitizeMask,Job_HeapCount,Job_NoAffinitize,Job_RetainVm,Job_Server,Job_Arguments,Job_BuildConfiguration,Job_Clock,Job_EngineFactory,Job_NuGetReferences,Job_Toolchain,Job_IsMutator,Job_InvocationCount,Job_IterationCount,Job_IterationTime,Job_LaunchCount,Job_MaxIterationCount,Job_MaxWarmupIterationCount,Job_MemoryRandomization,Job_MinIterationCount,Job_MinWarmupIterationCount,Job_RunStrategy,Job_UnrollFactor,Job_WarmupCount,Job_Display,Params,Measurement_LaunchIndex,Measurement_IterationMode,Measurement_IterationStage,Measurement_IterationIndex,Measurement_Nanoseconds,Measurement_Operations,Measurement_Value,Gen_0,Gen_1,Gen_2,Allocated_Bytes
InterpolationTests.CombineInterpolation,StringExtensionsBenchmarks,InterpolationTests,CombineInterpolation,DefaultJob,Default,Default,Default,Default,Default,Default,Default,Default,Default,Default,Default,Default,Default,Default,Default,Default,Default,Default,Default,Default,Default,Default,Default,Default,Default,Default,Default,Default,Default,Default,Default,Default,Default,Default,Default,Default,Default,Default,Default,Default,Default,DefaultJob,,1,Overhead,Jitting,1,230916,1,230916,21,0,0,32
InterpolationTests.CombineInterpolation,StringExtensionsBenchmarks,InterpolationTests,CombineInterpolation,DefaultJob,Default,Default,Default,Default,Default,Default,Default,Default,Default,Default,Default,Default,Default,Default,Default,Default,Default,Default,Default,Default,Default,Default,Default,Default,Default,Default,Default,Default,Default,Default,Default,Default,Default,Default,Default,Default,Default,Default,Default,Default,Default,DefaultJob,,1,Workload,Jitting,1,453789,1,453789,21,0,0,32
InterpolationTests.CombineInterpolation,StringExtensionsBenchmarks,InterpolationTests,CombineInterpolation,DefaultJob,Default,Default,Default,Default,Default,Default,Default,Default,Default,Default,Default,Default,Default,Default,Default,Default,Default,Default,Default,Default,Default,Default,Default,Default,Default,Default,Default,Default,Default,Default,Default,Default,Default,Default,Default,Default,Default,Default,Default,Default,Default,DefaultJob,,1,Overhead,Jitting,2,184406,16,11525.38,21,0,0,32
InterpolationTests.CombineInterpolation,StringExtensionsBenchmarks,InterpolationTests,CombineInterpolation,DefaultJob,Default,Default,Default,Default,Default,Default,Default,Default,Default,Default,Default,Default,Default,Default,Default,Default,Default,Default,Default,Default,Default,Default,Default,Default,Default,Default,Default,Default,Default,Default,Default,Default,Default,Default,Default,Default,Default,Default,Default,Default,Default,DefaultJob,,1,Workload,Jitting,2,205515,16,12844.69,21,0,0,32
InterpolationTests.CombineInterpolation,StringExtensionsBenchmarks,InterpolationTests,CombineInterpolation,DefaultJob,Default,Default,Default,Default,Default,Default,Default,Default,Default,Default,Default,Default,Default,Default,Default,Default,Default,Default,Default,Default,Default,Default,Default,Default,Default,Default,Default,Default,Default,Default,Default,Default,Default,Default,Default,Default,Default,Default,Default,Default,Default,DefaultJob,,1,Workload,Pilot,1,3692,16,230.75,21,0,0,32
InterpolationTests.CombineInterpolation,StringExtensionsBenchmarks,InterpolationTests,CombineInterpolation,DefaultJob,Default,Default,Default,Default,Default,Default,Default,Default,Default,Default,Default,Default,Default,Default,Default,Default,Default,Default,Default,Default,Default,Default,Default,Default,Default,Default,Default,Default,Default,Default,Default,Default,Default,Default,Default,Default,Default,Default,Default,Default,Default,DefaultJob,,1,Workload,Pilot,2,6015,32,187.97,21,0,0,32
InterpolationTests.CombineInterpolation,StringExtensionsBenchmarks,InterpolationTests,CombineInterpolation,DefaultJob,Default,Default,Default,Default,Default,Default,Default,Default,Default,Default,Default,Default,Default,Default,Default,Default,Default,Default,Default,Default,Default,Default,Default,Default,Default,Default,Default,Default,Default,Default,Default,Default,Default,Default,Default,Default,Default,Default,Default,Default,Default,DefaultJob,,1,Workload,Pilot,3,10498,64,164.03,21,0,0,32
InterpolationTests.CombineInterpolation,StringExtensionsBenchmarks,InterpolationTests,CombineInterpolation,DefaultJob,Default,Default,Default,Default,Default,Default,Default,Default,Default,Default,Default,Default,Default,Default,Default,Default,Default,Default,Default,Default,Default,Default,Default,Default,Default,Default,Default,Default,Default,Default,Default,Default,Default,Default,Default,Default,Default,Default,Default,Default,Default,DefaultJob,,1,Workload,Pilot,4,19258,128,150.45,21,0,0,32
InterpolationTests.CombineInterpolation,StringExtensionsBenchmarks,InterpolationTests,CombineInterpolation,DefaultJob,Default,Default,Default,Default,Default,Default,Default,Default,Default,Default,Default,Default,Default,Default,Default,Default,Default,Default,Default,Default,Default,Default,Default,Default,Default,Default,Default,Default,Default,Default,Default,Default,Default,Default,Default,Default,Default,Default,Default,Default,Default,DefaultJob,,1,Workload,Pilot,5,37704,256,147.28,21,0,0,32
InterpolationTests.CombineInterpolation,StringExtensionsBenchmarks,InterpolationTests,CombineInterpolation,DefaultJob,Default,Default,Default,Default,Default,Default,Default,Default,Default,Default,Default,Default,Default,Default,Default,Default,Default,Default,Default,Default,Default,Default,Default,Default,Default,Default,Default,Default,Default,Default,Default,Default,Default,Default,Default,Default,Default,Default,Default,Default,Default,DefaultJob,,1,Workload,Pilot,6,73396,512,143.35,21,0,0,32
InterpolationTests.CombineInterpolation,StringExtensionsBenchmarks,InterpolationTests,CombineInterpolation,DefaultJob,Default,Default,Default,Default,Default,Default,Default,Default,Default,Default,Default,Default,Default,Default,Default,Default,Default,Default,Default,Default,Default,Default,Default,Default,Default,Default,Default,Default,Default,Default,Default,Default,Default,Default,Default,Default,Default,Default,Default,Default,Default,DefaultJob,,1,Workload,Pilot,7,145013,1024,141.61,21,0,0,32
InterpolationTests.CombineInterpolation,StringExtensionsBenchmarks,InterpolationTests,CombineInterpolation,DefaultJob,Default,Default,Default,Default,Default,Default,Default,Default,Default,Default,Default,Default,Default,Default,Default,Default,Default,Default,Default,Default,Default,Default,Default,Default,Default,Default,Default,Default,Default,Default,Default,Default,Default,Default,Default,Default,Default,Default,Default,Default,Default,DefaultJob,,1,Workload,Pilot,8,288824,2048,141.03,21,0,0,32
InterpolationTests.CombineInterpolation,StringExtensionsBenchmarks,InterpolationTests,CombineInterpolation,DefaultJob,Default,Default,Default,Default,Default,Default,Default,Default,Default,Default,Default,Default,Default,Default,Default,Default,Default,Default,Default,Default,Default,Default,Default,Default,Default,Default,Default,Default,Default,Default,Default,Default,Default,Default,Default,Default,Default,Default,Default,Default,Default,DefaultJob,,1,Workload,Pilot,9,584853,4096,142.79,21,0,0,32
InterpolationTests.CombineInterpolation,StringExtensionsBenchmarks,InterpolationTests,CombineInterpolation,DefaultJob,Default,Default,Default,Default,Default,Default,Default,Default,Default,Default,Default,Default,Default,Default,Default,Default,Default,Default,Default,Default,Default,Default,Default,Default,Default,Default,Default,Default,Default,Default,Default,Default,Default,Default,Default,Default,Default,Default,Default,Default,Default,DefaultJob,,1,Workload,Pilot,10,1243210,8192,151.76,21,0,0,32
InterpolationTests.CombineInterpolation,StringExtensionsBenchmarks,InterpolationTests,CombineInterpolation,DefaultJob,Default,Default,Default,Default,Default,Default,Default,Default,Default,Default,Default,Default,Default,Default,Default,Default,Default,Default,Default,Default,Default,Default,Default,Default,Default,Default,Default,Default,Default,Default,Default,Default,Default,Default,Default,Default,Default,Default,Default,Default,Default,DefaultJob,,1,Workload,Pilot,11,2445958,16384,149.29,21,0,0,32
InterpolationTests.CombineInterpolation,StringExtensionsBenchmarks,InterpolationTests,CombineInterpolation,DefaultJob,Default,Default,Default,Default,Default,Default,Default,Default,Default,Default,Default,Default,Default,Default,Default,Default,Default,Default,Default,Default,Default,Default,Default,Default,Default,Default,Default,Default,Default,Default,Default,Default,Default,Default,Default,Default,Default,Default,Default,Default,Default,DefaultJob,,1,Workload,Pilot,12,5061375,32768,154.46,21,0,0,32
InterpolationTests.CombineInterpolation,StringExtensionsBenchmarks,InterpolationTests,CombineInterpolation,DefaultJob,Default,Default,Default,Default,Default,Default,Default,Default,Default,Default,Default,Default,Default,Default,Default,Default,Default,Default,Default,Default,Default,Default,Default,Default,Default,Default,Default,Default,Default,Default,Default,Default,Default,Default,Default,Default,Default,Default,Default,Default,Default,DefaultJob,,1,Workload,Pilot,13,9589942,65536,146.33,21,0,0,32
InterpolationTests.CombineInterpolation,StringExtensionsBenchmarks,InterpolationTests,CombineInterpolation,DefaultJob,Default,Default,Default,Default,Default,Default,Default,Default,Default,Default,Default,Default,Default,Default,Default,Default,Default,Default,Default,Default,Default,Default,Default,Default,Default,Default,Default,Default,Default,Default,Default,Default,Default,Default,Default,Default,Default,Default,Default,Default,Default,DefaultJob,,1,Workload,Pilot,14,19773478,131072,150.86,21,0,0,32
InterpolationTests.CombineInterpolation,StringExtensionsBenchmarks,InterpolationTests,CombineInterpolation,DefaultJob,Default,Default,Default,Default,Default,Default,Default,Default,Default,Default,Default,Default,Default,Default,Default,Default,Default,Default,Default,Default,Default,Default,Default,Default,Default,Default,Default,Default,Default,Default,Default,Default,Default,Default,Default,Default,Default,Default,Default,Default,Default,DefaultJob,,1,Workload,Pilot,15,38794788,262144,147.99,21,0,0,32
InterpolationTests.CombineInterpolation,StringExtensionsBenchmarks,InterpolationTests,CombineInterpolation,DefaultJob,Default,Default,Default,Default,Default,Default,Default,Default,Default,Default,Default,Default,Default,Default,Default,Default,Default,Default,Default,Default,Default,Default,Default,Default,Default,Default,Default,Default,Default,Default,Default,Default,Default,Default,Default,Default,Default,Default,Default,Default,Default,DefaultJob,,1,Workload,Pilot,16,75211084,524288,143.45,21,0,0,32
InterpolationTests.CombineInterpolation,StringExtensionsBenchmarks,InterpolationTests,CombineInterpolation,DefaultJob,Default,Default,Default,Default,Default,Default,Default,Default,Default,Default,Default,Default,Default,Default,Default,Default,Default,Default,Default,Default,Default,Default,Default,Default,Default,Default,Default,Default,Default,Default,Default,Default,Default,Default,Default,Default,Default,Default,Default,Default,Default,DefaultJob,,1,Workload,Pilot,17,145028104,1048576,138.31,21,0,0,32
InterpolationTests.CombineInterpolation,StringExtensionsBenchmarks,InterpolationTests,CombineInterpolation,DefaultJob,Default,Default,Default,Default,Default,Default,Default,Default,Default,Default,Default,Default,Default,Default,Default,Default,Default,Default,Default,Default,Default,Default,Default,Default,Default,Default,Default,Default,Default,Default,Default,Default,Default,Default,Default,Default,Default,Default,Default,Default,Default,DefaultJob,,1,Workload,Pilot,18,307043376,2097152,146.41,21,0,0,32
InterpolationTests.CombineInterpolation,StringExtensionsBenchmarks,InterpolationTests,CombineInterpolation,DefaultJob,Default,Default,Default,Default,Default,Default,Default,Default,Default,Default,Default,Default,Default,Default,Default,Default,Default,Default,Default,Default,Default,Default,Default,Default,Default,Default,Default,Default,Default,Default,Default,Default,Default,Default,Default,Default,Default,Default,Default,Default,Default,DefaultJob,,1,Workload,Pilot,19,585095157,4194304,139.5,21,0,0,32
InterpolationTests.CombineInterpolation,StringExtensionsBenchmarks,InterpolationTests,CombineInterpolation,DefaultJob,Default,Default,Default,Default,Default,Default,Default,Default,Default,Default,Default,Default,Default,Default,Default,Default,Default,Default,Default,Default,Default,Default,Default,Default,Default,Default,Default,Default,Default,Default,Default,Default,Default,Default,Default,Default,Default,Default,Default,Default,Default,DefaultJob,,1,Overhead,Warmup,1,7407439,4194304,1.77,21,0,0,32
InterpolationTests.CombineInterpolation,StringExtensionsBenchmarks,InterpolationTests,CombineInterpolation,DefaultJob,Default,Default,Default,Default,Default,Default,Default,Default,Default,Default,Default,Default,Default,Default,Default,Default,Default,Default,Default,Default,Default,Default,Default,Default,Default,Default,Default,Default,Default,Default,Default,Default,Default,Default,Default,Default,Default,Default,Default,Default,Default,DefaultJob,,1,Overhead,Warmup,2,7583753,4194304,1.81,21,0,0,32
InterpolationTests.CombineInterpolation,StringExtensionsBenchmarks,InterpolationTests,CombineInterpolation,DefaultJob,Default,Default,Default,Default,Default,Default,Default,Default,Default,Default,Default,Default,Default,Default,Default,Default,Default,Default,Default,Default,Default,Default,Default,Default,Default,Default,Default,Default,Default,Default,Default,Default,Default,Default,Default,Default,Default,Default,Default,Default,Default,DefaultJob,,1,Overhead,Warmup,3,7462745,4194304,1.78,21,0,0,32
InterpolationTests.CombineInterpolation,StringExtensionsBenchmarks,InterpolationTests,CombineInterpolation,DefaultJob,Default,Default,Default,Default,Default,Default,Default,Default,Default,Default,Default,Default,Default,Default,Default,Default,Default,Default,Default,Default,Default,Default,Default,Default,Default,Default,Default,Default,Default,Default,Default,Default,Default,Default,Default,Default,Default,Default,Default,Default,Default,DefaultJob,,1,Overhead,Warmup,4,7398240,4194304,1.76,21,0,0,32
InterpolationTests.CombineInterpolation,StringExtensionsBenchmarks,InterpolationTests,CombineInterpolation,DefaultJob,Default,Default,Default,Default,Default,Default,Default,Default,Default,Default,Default,Default,Default,Default,Default,Default,Default,Default,Default,Default,Default,Default,Default,Default,Default,Default,Default,Default,Default,Default,Default,Default,Default,Default,Default,Default,Default,Default,Default,Default,Default,DefaultJob,,1,Overhead,Warmup,5,7663052,4194304,1.83,21,0,0,32
InterpolationTests.CombineInterpolation,StringExtensionsBenchmarks,InterpolationTests,CombineInterpolation,DefaultJob,Default,Default,Default,Default,Default,Default,Default,Default,Default,Default,Default,Default,Default,Default,Default,Default,Default,Default,Default,Default,Default,Default,Default,Default,Default,Default,Default,Default,Default,Default,Default,Default,Default,Default,Default,Default,Default,Default,Default,Default,Default,DefaultJob,,1,Overhead,Warmup,6,7507596,4194304,1.79,21,0,0,32
InterpolationTests.CombineInterpolation,StringExtensionsBenchmarks,InterpolationTests,CombineInterpolation,DefaultJob,Default,Default,Default,Default,Default,Default,Default,Default,Default,Default,Default,Default,Default,Default,Default,Default,Default,Default,Default,Default,Default,Default,Default,Default,Default,Default,Default,Default,Default,Default,Default,Default,Default,Default,Default,Default,Default,Default,Default,Default,Default,DefaultJob,,1,Overhead,Actual,1,7944193,4194304,1.89,21,0,0,32
InterpolationTests.CombineInterpolation,StringExtensionsBenchmarks,InterpolationTests,CombineInterpolation,DefaultJob,Default,Default,Default,Default,Default,Default,Default,Default,Default,Default,Default,Default,Default,Default,Default,Default,Default,Default,Default,Default,Default,Default,Default,Default,Default,Default,Default,Default,Default,Default,Default,Default,Default,Default,Default,Default,Default,Default,Default,Default,Default,DefaultJob,,1,Overhead,Actual,2,7446215,4194304,1.78,21,0,0,32
InterpolationTests.CombineInterpolation,StringExtensionsBenchmarks,InterpolationTests,CombineInterpolation,DefaultJob,Default,Default,Default,Default,Default,Default,Default,Default,Default,Default,Default,Default,Default,Default,Default,Default,Default,Default,Default,Default,Default,Default,Default,Default,Default,Default,Default,Default,Default,Default,Default,Default,Default,Default,Default,Default,Default,Default,Default,Default,Default,DefaultJob,,1,Overhead,Actual,3,7662203,4194304,1.83,21,0,0,32
InterpolationTests.CombineInterpolation,StringExtensionsBenchmarks,InterpolationTests,CombineInterpolation,DefaultJob,Default,Default,Default,Default,Default,Default,Default,Default,Default,Default,Default,Default,Default,Default,Default,Default,Default,Default,Default,Default,Default,Default,Default,Default,Default,Default,Default,Default,Default,Default,Default,Default,Default,Default,Default,Default,Default,Default,Default,Default,Default,DefaultJob,,1,Overhead,Actual,4,7589434,4194304,1.81,21,0,0,32
InterpolationTests.CombineInterpolation,StringExtensionsBenchmarks,InterpolationTests,CombineInterpolation,DefaultJob,Default,Default,Default,Default,Default,Default,Default,Default,Default,Default,Default,Default,Default,Default,Default,Default,Default,Default,Default,Default,Default,Default,Default,Default,Default,Default,Default,Default,Default,Default,Default,Default,Default,Default,Default,Default,Default,Default,Default,Default,Default,DefaultJob,,1,Overhead,Actual,5,7579952,4194304,1.81,21,0,0,32
InterpolationTests.CombineInterpolation,StringExtensionsBenchmarks,InterpolationTests,CombineInterpolation,DefaultJob,Default,Default,Default,Default,Default,Default,Default,Default,Default,Default,Default,Default,Default,Default,Default,Default,Default,Default,Default,Default,Default,Default,Default,Default,Default,Default,Default,Default,Default,Default,Default,Default,Default,Default,Default,Default,Default,Default,Default,Default,Default,DefaultJob,,1,Overhead,Actual,6,7557645,4194304,1.8,21,0,0,32
InterpolationTests.CombineInterpolation,StringExtensionsBenchmarks,InterpolationTests,CombineInterpolation,DefaultJob,Default,Default,Default,Default,Default,Default,Default,Default,Default,Default,Default,Default,Default,Default,Default,Default,Default,Default,Default,Default,Default,Default,Default,Default,Default,Default,Default,Default,Default,Default,Default,Default,Default,Default,Default,Default,Default,Default,Default,Default,Default,DefaultJob,,1,Overhead,Actual,7,7401417,4194304,1.76,21,0,0,32
InterpolationTests.CombineInterpolation,StringExtensionsBenchmarks,InterpolationTests,CombineInterpolation,DefaultJob,Default,Default,Default,Default,Default,Default,Default,Default,Default,Default,Default,Default,Default,Default,Default,Default,Default,Default,Default,Default,Default,Default,Default,Default,Default,Default,Default,Default,Default,Default,Default,Default,Default,Default,Default,Default,Default,Default,Default,Default,Default,DefaultJob,,1,Overhead,Actual,8,7626927,4194304,1.82,21,0,0,32
InterpolationTests.CombineInterpolation,StringExtensionsBenchmarks,InterpolationTests,CombineInterpolation,DefaultJob,Default,Default,Default,Default,Default,Default,Default,Default,Default,Default,Default,Default,Default,Default,Default,Default,Default,Default,Default,Default,Default,Default,Default,Default,Default,Default,Default,Default,Default,Default,Default,Default,Default,Default,Default,Default,Default,Default,Default,Default,Default,DefaultJob,,1,Overhead,Actual,9,7407400,4194304,1.77,21,0,0,32
InterpolationTests.CombineInterpolation,StringExtensionsBenchmarks,InterpolationTests,CombineInterpolation,DefaultJob,Default,Default,Default,Default,Default,Default,Default,Default,Default,Default,Default,Default,Default,Default,Default,Default,Default,Default,Default,Default,Default,Default,Default,Default,Default,Default,Default,Default,Default,Default,Default,Default,Default,Default,Default,Default,Default,Default,Default,Default,Default,DefaultJob,,1,Overhead,Actual,10,8532902,4194304,2.03,21,0,0,32
InterpolationTests.CombineInterpolation,StringExtensionsBenchmarks,InterpolationTests,CombineInterpolation,DefaultJob,Default,Default,Default,Default,Default,Default,Default,Default,Default,Default,Default,Default,Default,Default,Default,Default,Default,Default,Default,Default,Default,Default,Default,Default,Default,Default,Default,Default,Default,Default,Default,Default,Default,Default,Default,Default,Default,Default,Default,Default,Default,DefaultJob,,1,Overhead,Actual,11,7490360,4194304,1.79,21,0,0,32
InterpolationTests.CombineInterpolation,StringExtensionsBenchmarks,InterpolationTests,CombineInterpolation,DefaultJob,Default,Default,Default,Default,Default,Default,Default,Default,Default,Default,Default,Default,Default,Default,Default,Default,Default,Default,Default,Default,Default,Default,Default,Default,Default,Default,Default,Default,Default,Default,Default,Default,Default,Default,Default,Default,Default,Default,Default,Default,Default,DefaultJob,,1,Overhead,Actual,12,7645997,4194304,1.82,21,0,0,32
InterpolationTests.CombineInterpolation,StringExtensionsBenchmarks,InterpolationTests,CombineInterpolation,DefaultJob,Default,Default,Default,Default,Default,Default,Default,Default,Default,Default,Default,Default,Default,Default,Default,Default,Default,Default,Default,Default,Default,Default,Default,Default,Default,Default,Default,Default,Default,Default,Default,Default,Default,Default,Default,Default,Default,Default,Default,Default,Default,DefaultJob,,1,Overhead,Actual,13,7402829,4194304,1.76,21,0,0,32
InterpolationTests.CombineInterpolation,StringExtensionsBenchmarks,InterpolationTests,CombineInterpolation,DefaultJob,Default,Default,Default,Default,Default,Default,Default,Default,Default,Default,Default,Default,Default,Default,Default,Default,Default,Default,Default,Default,Default,Default,Default,Default,Default,Default,Default,Default,Default,Default,Default,Default,Default,Default,Default,Default,Default,Default,Default,Default,Default,DefaultJob,,1,Overhead,Actual,14,7667514,4194304,1.83,21,0,0,32
InterpolationTests.CombineInterpolation,StringExtensionsBenchmarks,InterpolationTests,CombineInterpolation,DefaultJob,Default,Default,Default,Default,Default,Default,Default,Default,Default,Default,Default,Default,Default,Default,Default,Default,Default,Default,Default,Default,Default,Default,Default,Default,Default,Default,Default,Default,Default,Default,Default,Default,Default,Default,Default,Default,Default,Default,Default,Default,Default,DefaultJob,,1,Overhead,Actual,15,7400258,4194304,1.76,21,0,0,32
InterpolationTests.CombineInterpolation,StringExtensionsBenchmarks,InterpolationTests,CombineInterpolation,DefaultJob,Default,Default,Default,Default,Default,Default,Default,Default,Default,Default,Default,Default,Default,Default,Default,Default,Default,Default,Default,Default,Default,Default,Default,Default,Default,Default,Default,Default,Default,Default,Default,Default,Default,Default,Default,Default,Default,Default,Default,Default,Default,DefaultJob,,1,Workload,Warmup,1,573162471,4194304,136.65,21,0,0,32
InterpolationTests.CombineInterpolation,StringExtensionsBenchmarks,InterpolationTests,CombineInterpolation,DefaultJob,Default,Default,Default,Default,Default,Default,Default,Default,Default,Default,Default,Default,Default,Default,Default,Default,Default,Default,Default,Default,Default,Default,Default,Default,Default,Default,Default,Default,Default,Default,Default,Default,Default,Default,Default,Default,Default,Default,Default,Default,Default,DefaultJob,,1,Workload,Warmup,2,582851913,4194304,138.96,21,0,0,32
InterpolationTests.CombineInterpolation,StringExtensionsBenchmarks,InterpolationTests,CombineInterpolation,DefaultJob,Default,Default,Default,Default,Default,Default,Default,Default,Default,Default,Default,Default,Default,Default,Default,Default,Default,Default,Default,Default,Default,Default,Default,Default,Default,Default,Default,Default,Default,Default,Default,Default,Default,Default,Default,Default,Default,Default,Default,Default,Default,DefaultJob,,1,Workload,Warmup,3,569757034,4194304,135.84,21,0,0,32
InterpolationTests.CombineInterpolation,StringExtensionsBenchmarks,InterpolationTests,CombineInterpolation,DefaultJob,Default,Default,Default,Default,Default,Default,Default,Default,Default,Default,Default,Default,Default,Default,Default,Default,Default,Default,Default,Default,Default,Default,Default,Default,Default,Default,Default,Default,Default,Default,Default,Default,Default,Default,Default,Default,Default,Default,Default,Default,Default,DefaultJob,,1,Workload,Warmup,4,567716997,4194304,135.35,21,0,0,32
InterpolationTests.CombineInterpolation,StringExtensionsBenchmarks,InterpolationTests,CombineInterpolation,DefaultJob,Default,Default,Default,Default,Default,Default,Default,Default,Default,Default,Default,Default,Default,Default,Default,Default,Default,Default,Default,Default,Default,Default,Default,Default,Default,Default,Default,Default,Default,Default,Default,Default,Default,Default,Default,Default,Default,Default,Default,Default,Default,DefaultJob,,1,Workload,Warmup,5,584439938,4194304,139.34,21,0,0,32
InterpolationTests.CombineInterpolation,StringExtensionsBenchmarks,InterpolationTests,CombineInterpolation,DefaultJob,Default,Default,Default,Default,Default,Default,Default,Default,Default,Default,Default,Default,Default,Default,Default,Default,Default,Default,Default,Default,Default,Default,Default,Default,Default,Default,Default,Default,Default,Default,Default,Default,Default,Default,Default,Default,Default,Default,Default,Default,Default,DefaultJob,,1,Workload,Warmup,6,570825997,4194304,136.1,21,0,0,32
InterpolationTests.CombineInterpolation,StringExtensionsBenchmarks,InterpolationTests,CombineInterpolation,DefaultJob,Default,Default,Default,Default,Default,Default,Default,Default,Default,Default,Default,Default,Default,Default,Default,Default,Default,Default,Default,Default,Default,Default,Default,Default,Default,Default,Default,Default,Default,Default,Default,Default,Default,Default,Default,Default,Default,Default,Default,Default,Default,DefaultJob,,1,Workload,Actual,1,567596109,4194304,135.33,21,0,0,32
InterpolationTests.CombineInterpolation,StringExtensionsBenchmarks,InterpolationTests,CombineInterpolation,DefaultJob,Default,Default,Default,Default,Default,Default,Default,Default,Default,Default,Default,Default,Default,Default,Default,Default,Default,Default,Default,Default,Default,Default,Default,Default,Default,Default,Default,Default,Default,Default,Default,Default,Default,Default,Default,Default,Default,Default,Default,Default,Default,DefaultJob,,1,Workload,Actual,2,568426333,4194304,135.52,21,0,0,32
InterpolationTests.CombineInterpolation,StringExtensionsBenchmarks,InterpolationTests,CombineInterpolation,DefaultJob,Default,Default,Default,Default,Default,Default,Default,Default,Default,Default,Default,Default,Default,Default,Default,Default,Default,Default,Default,Default,Default,Default,Default,Default,Default,Default,Default,Default,Default,Default,Default,Default,Default,Default,Default,Default,Default,Default,Default,Default,Default,DefaultJob,,1,Workload,Actual,3,566969198,4194304,135.18,21,0,0,32
InterpolationTests.CombineInterpolation,StringExtensionsBenchmarks,InterpolationTests,CombineInterpolation,DefaultJob,Default,Default,Default,Default,Default,Default,Default,Default,Default,Default,Default,Default,Default,Default,Default,Default,Default,Default,Default,Default,Default,Default,Default,Default,Default,Default,Default,Default,Default,Default,Default,Default,Default,Default,Default,Default,Default,Default,Default,Default,Default,DefaultJob,,1,Workload,Actual,4,564223234,4194304,134.52,21,0,0,32
InterpolationTests.CombineInterpolation,StringExtensionsBenchmarks,InterpolationTests,CombineInterpolation,DefaultJob,Default,Default,Default,Default,Default,Default,Default,Default,Default,Default,Default,Default,Default,Default,Default,Default,Default,Default,Default,Default,Default,Default,Default,Default,Default,Default,Default,Default,Default,Default,Default,Default,Default,Default,Default,Default,Default,Default,Default,Default,Default,DefaultJob,,1,Workload,Actual,5,569248752,4194304,135.72,21,0,0,32
InterpolationTests.CombineInterpolation,StringExtensionsBenchmarks,InterpolationTests,CombineInterpolation,DefaultJob,Default,Default,Default,Default,Default,Default,Default,Default,Default,Default,Default,Default,Default,Default,Default,Default,Default,Default,Default,Default,Default,Default,Default,Default,Default,Default,Default,Default,Default,Default,Default,Default,Default,Default,Default,Default,Default,Default,Default,Default,Default,DefaultJob,,1,Workload,Actual,6,566942884,4194304,135.17,21,0,0,32
InterpolationTests.CombineInterpolation,StringExtensionsBenchmarks,InterpolationTests,CombineInterpolation,DefaultJob,Default,Default,Default,Default,Default,Default,Default,Default,Default,Default,Default,Default,Default,Default,Default,Default,Default,Default,Default,Default,Default,Default,Default,Default,Default,Default,Default,Default,Default,Default,Default,Default,Default,Default,Default,Default,Default,Default,Default,Default,Default,DefaultJob,,1,Workload,Actual,7,568417092,4194304,135.52,21,0,0,32
InterpolationTests.CombineInterpolation,StringExtensionsBenchmarks,InterpolationTests,CombineInterpolation,DefaultJob,Default,Default,Default,Default,Default,Default,Default,Default,Default,Default,Default,Default,Default,Default,Default,Default,Default,Default,Default,Default,Default,Default,Default,Default,Default,Default,Default,Default,Default,Default,Default,Default,Default,Default,Default,Default,Default,Default,Default,Default,Default,DefaultJob,,1,Workload,Actual,8,568977592,4194304,135.65,21,0,0,32
InterpolationTests.CombineInterpolation,StringExtensionsBenchmarks,InterpolationTests,CombineInterpolation,DefaultJob,Default,Default,Default,Default,Default,Default,Default,Default,Default,Default,Default,Default,Default,Default,Default,Default,Default,Default,Default,Default,Default,Default,Default,Default,Default,Default,Default,Default,Default,Default,Default,Default,Default,Default,Default,Default,Default,Default,Default,Default,Default,DefaultJob,,1,Workload,Actual,9,568445070,4194304,135.53,21,0,0,32
InterpolationTests.CombineInterpolation,StringExtensionsBenchmarks,InterpolationTests,CombineInterpolation,DefaultJob,Default,Default,Default,Default,Default,Default,Default,Default,Default,Default,Default,Default,Default,Default,Default,Default,Default,Default,Default,Default,Default,Default,Default,Default,Default,Default,Default,Default,Default,Default,Default,Default,Default,Default,Default,Default,Default,Default,Default,Default,Default,DefaultJob,,1,Workload,Actual,10,562821971,4194304,134.19,21,0,0,32
InterpolationTests.CombineInterpolation,StringExtensionsBenchmarks,InterpolationTests,CombineInterpolation,DefaultJob,Default,Default,Default,Default,Default,Default,Default,Default,Default,Default,Default,Default,Default,Default,Default,Default,Default,Default,Default,Default,Default,Default,Default,Default,Default,Default,Default,Default,Default,Default,Default,Default,Default,Default,Default,Default,Default,Default,Default,Default,Default,DefaultJob,,1,Workload,Actual,11,566068069,4194304,134.96,21,0,0,32
InterpolationTests.CombineInterpolation,StringExtensionsBenchmarks,InterpolationTests,CombineInterpolation,DefaultJob,Default,Default,Default,Default,Default,Default,Default,Default,Default,Default,Default,Default,Default,Default,Default,Default,Default,Default,Default,Default,Default,Default,Default,Default,Default,Default,Default,Default,Default,Default,Default,Default,Default,Default,Default,Default,Default,Default,Default,Default,Default,DefaultJob,,1,Workload,Actual,12,567143289,4194304,135.22,21,0,0,32
InterpolationTests.CombineInterpolation,StringExtensionsBenchmarks,InterpolationTests,CombineInterpolation,DefaultJob,Default,Default,Default,Default,Default,Default,Default,Default,Default,Default,Default,Default,Default,Default,Default,Default,Default,Default,Default,Default,Default,Default,Default,Default,Default,Default,Default,Default,Default,Default,Default,Default,Default,Default,Default,Default,Default,Default,Default,Default,Default,DefaultJob,,1,Workload,Actual,13,562900406,4194304,134.21,21,0,0,32
InterpolationTests.CombineInterpolation,StringExtensionsBenchmarks,InterpolationTests,CombineInterpolation,DefaultJob,Default,Default,Default,Default,Default,Default,Default,Default,Default,Default,Default,Default,Default,Default,Default,Default,Default,Default,Default,Default,Default,Default,Default,Default,Default,Default,Default,Default,Default,Default,Default,Default,Default,Default,Default,Default,Default,Default,Default,Default,Default,DefaultJob,,1,Workload,Actual,14,568752953,4194304,135.6,21,0,0,32
InterpolationTests.CombineInterpolation,StringExtensionsBenchmarks,InterpolationTests,CombineInterpolation,DefaultJob,Default,Default,Default,Default,Default,Default,Default,Default,Default,Default,Default,Default,Default,Default,Default,Default,Default,Default,Default,Default,Default,Default,Default,Default,Default,Default,Default,Default,Default,Default,Default,Default,Default,Default,Default,Default,Default,Default,Default,Default,Default,DefaultJob,,1,Workload,Actual,15,566746811,4194304,135.12,21,0,0,32
InterpolationTests.CombineInterpolation,StringExtensionsBenchmarks,InterpolationTests,CombineInterpolation,DefaultJob,Default,Default,Default,Default,Default,Default,Default,Default,Default,Default,Default,Default,Default,Default,Default,Default,Default,Default,Default,Default,Default,Default,Default,Default,Default,Default,Default,Default,Default,Default,Default,Default,Default,Default,Default,Default,Default,Default,Default,Default,Default,DefaultJob,,1,Workload,Result,1,560016157,4194304,133.52,21,0,0,32
InterpolationTests.CombineInterpolation,StringExtensionsBenchmarks,InterpolationTests,CombineInterpolation,DefaultJob,Default,Default,Default,Default,Default,Default,Default,Default,Default,Default,Default,Default,Default,Default,Default,Default,Default,Default,Default,Default,Default,Default,Default,Default,Default,Default,Default,Default,Default,Default,Default,Default,Default,Default,Default,Default,Default,Default,Default,Default,Default,DefaultJob,,1,Workload,Result,2,560846381,4194304,133.72,21,0,0,32
InterpolationTests.CombineInterpolation,StringExtensionsBenchmarks,InterpolationTests,CombineInterpolation,DefaultJob,Default,Default,Default,Default,Default,Default,Default,Default,Default,Default,Default,Default,Default,Default,Default,Default,Default,Default,Default,Default,Default,Default,Default,Default,Default,Default,Default,Default,Default,Default,Default,Default,Default,Default,Default,Default,Default,Default,Default,Default,Default,DefaultJob,,1,Workload,Result,3,559389246,4194304,133.37,21,0,0,32
InterpolationTests.CombineInterpolation,StringExtensionsBenchmarks,InterpolationTests,CombineInterpolation,DefaultJob,Default,Default,Default,Default,Default,Default,Default,Default,Default,Default,Default,Default,Default,Default,Default,Default,Default,Default,Default,Default,Default,Default,Default,Default,Default,Default,Default,Default,Default,Default,Default,Default,Default,Default,Default,Default,Default,Default,Default,Default,Default,DefaultJob,,1,Workload,Result,4,556643282,4194304,132.71,21,0,0,32
InterpolationTests.CombineInterpolation,StringExtensionsBenchmarks,InterpolationTests,CombineInterpolation,DefaultJob,Default,Default,Default,Default,Default,Default,Default,Default,Default,Default,Default,Default,Default,Default,Default,Default,Default,Default,Default,Default,Default,Default,Default,Default,Default,Default,Default,Default,Default,Default,Default,Default,Default,Default,Default,Default,Default,Default,Default,Default,Default,DefaultJob,,1,Workload,Result,5,561668800,4194304,133.91,21,0,0,32
InterpolationTests.CombineInterpolation,StringExtensionsBenchmarks,InterpolationTests,CombineInterpolation,DefaultJob,Default,Default,Default,Default,Default,Default,Default,Default,Default,Default,Default,Default,Default,Default,Default,Default,Default,Default,Default,Default,Default,Default,Default,Default,Default,Default,Default,Default,Default,Default,Default,Default,Default,Default,Default,Default,Default,Default,Default,Default,Default,DefaultJob,,1,Workload,Result,6,559362932,4194304,133.36,21,0,0,32
InterpolationTests.CombineInterpolation,StringExtensionsBenchmarks,InterpolationTests,CombineInterpolation,DefaultJob,Default,Default,Default,Default,Default,Default,Default,Default,Default,Default,Default,Default,Default,Default,Default,Default,Default,Default,Default,Default,Default,Default,Default,Default,Default,Default,Default,Default,Default,Default,Default,Default,Default,Default,Default,Default,Default,Default,Default,Default,Default,DefaultJob,,1,Workload,Result,7,560837140,4194304,133.71,21,0,0,32
InterpolationTests.CombineInterpolation,StringExtensionsBenchmarks,InterpolationTests,CombineInterpolation,DefaultJob,Default,Default,Default,Default,Default,Default,Default,Default,Default,Default,Default,Default,Default,Default,Default,Default,Default,Default,Default,Default,Default,Default,Default,Default,Default,Default,Default,Default,Default,Default,Default,Default,Default,Default,Default,Default,Default,Default,Default,Default,Default,DefaultJob,,1,Workload,Result,8,561397640,4194304,133.85,21,0,0,32
InterpolationTests.CombineInterpolation,StringExtensionsBenchmarks,InterpolationTests,CombineInterpolation,DefaultJob,Default,Default,Default,Default,Default,Default,Default,Default,Default,Default,Default,Default,Default,Default,Default,Default,Default,Default,Default,Default,Default,Default,Default,Default,Default,Default,Default,Default,Default,Default,Default,Default,Default,Default,Default,Default,Default,Default,Default,Default,Default,DefaultJob,,1,Workload,Result,9,560865118,4194304,133.72,21,0,0,32
InterpolationTests.CombineInterpolation,StringExtensionsBenchmarks,InterpolationTests,CombineInterpolation,DefaultJob,Default,Default,Default,Default,Default,Default,Default,Default,Default,Default,Default,Default,Default,Default,Default,Default,Default,Default,Default,Default,Default,Default,Default,Default,Default,Default,Default,Default,Default,Default,Default,Default,Default,Default,Default,Default,Default,Default,Default,Default,Default,DefaultJob,,1,Workload,Result,10,555242019,4194304,132.38,21,0,0,32
InterpolationTests.CombineInterpolation,StringExtensionsBenchmarks,InterpolationTests,CombineInterpolation,DefaultJob,Default,Default,Default,Default,Default,Default,Default,Default,Default,Default,Default,Default,Default,Default,Default,Default,Default,Default,Default,Default,Default,Default,Default,Default,Default,Default,Default,Default,Default,Default,Default,Default,Default,Default,Default,Default,Default,Default,Default,Default,Default,DefaultJob,,1,Workload,Result,11,558488117,4194304,133.15,21,0,0,32
InterpolationTests.CombineInterpolation,StringExtensionsBenchmarks,InterpolationTests,CombineInterpolation,DefaultJob,Default,Default,Default,Default,Default,Default,Default,Default,Default,Default,Default,Default,Default,Default,Default,Default,Default,Default,Default,Default,Default,Default,Default,Default,Default,Default,Default,Default,Default,Default,Default,Default,Default,Default,Default,Default,Default,Default,Default,Default,Default,DefaultJob,,1,Workload,Result,12,559563337,4194304,133.41,21,0,0,32
InterpolationTests.CombineInterpolation,StringExtensionsBenchmarks,InterpolationTests,CombineInterpolation,DefaultJob,Default,Default,Default,Default,Default,Default,Default,Default,Default,Default,Default,Default,Default,Default,Default,Default,Default,Default,Default,Default,Default,Default,Default,Default,Default,Default,Default,Default,Default,Default,Default,Default,Default,Default,Default,Default,Default,Default,Default,Default,Default,DefaultJob,,1,Workload,Result,13,555320454,4194304,132.4,21,0,0,32
InterpolationTests.CombineInterpolation,StringExtensionsBenchmarks,InterpolationTests,CombineInterpolation,DefaultJob,Default,Default,Default,Default,Default,Default,Default,Default,Default,Default,Default,Default,Default,Default,Default,Default,Default,Default,Default,Default,Default,Default,Default,Default,Default,Default,Default,Default,Default,Default,Default,Default,Default,Default,Default,Default,Default,Default,Default,Default,Default,DefaultJob,,1,Workload,Result,14,561173001,4194304,133.79,21,0,0,32
InterpolationTests.CombineInterpolation,StringExtensionsBenchmarks,InterpolationTests,CombineInterpolation,DefaultJob,Default,Default,Default,Default,Default,Default,Default,Default,Default,Default,Default,Default,Default,Default,Default,Default,Default,Default,Default,Default,Default,Default,Default,Default,Default,Default,Default,Default,Default,Default,Default,Default,Default,Default,Default,Default,Default,Default,Default,Default,Default,DefaultJob,,1,Workload,Result,15,559166859,4194304,133.32,21,0,0,32
InterpolationTests.CombineFormat,StringExtensionsBenchmarks,InterpolationTests,CombineFormat,DefaultJob,Default,Default,Default,Default,Default,Default,Default,Default,Default,Default,Default,Default,Default,Default,Default,Default,Default,Default,Default,Default,Default,Default,Default,Default,Default,Default,Default,Default,Default,Default,Default,Default,Default,Default,Default,Default,Default,Default,Default,Default,Default,DefaultJob,,1,Overhead,Jitting,1,214874,1,214874,74,0,0,112
InterpolationTests.CombineFormat,StringExtensionsBenchmarks,InterpolationTests,CombineFormat,DefaultJob,Default,Default,Default,Default,Default,Default,Default,Default,Default,Default,Default,Default,Default,Default,Default,Default,Default,Default,Default,Default,Default,Default,Default,Default,Default,Default,Default,Default,Default,Default,Default,Default,Default,Default,Default,Default,Default,Default,Default,Default,Default,DefaultJob,,1,Workload,Jitting,1,469976,1,469976,74,0,0,112
InterpolationTests.CombineFormat,StringExtensionsBenchmarks,InterpolationTests,CombineFormat,DefaultJob,Default,Default,Default,Default,Default,Default,Default,Default,Default,Default,Default,Default,Default,Default,Default,Default,Default,Default,Default,Default,Default,Default,Default,Default,Default,Default,Default,Default,Default,Default,Default,Default,Default,Default,Default,Default,Default,Default,Default,Default,Default,DefaultJob,,1,Overhead,Jitting,2,193398,16,12087.38,74,0,0,112
InterpolationTests.CombineFormat,StringExtensionsBenchmarks,InterpolationTests,CombineFormat,DefaultJob,Default,Default,Default,Default,Default,Default,Default,Default,Default,Default,Default,Default,Default,Default,Default,Default,Default,Default,Default,Default,Default,Default,Default,Default,Default,Default,Default,Default,Default,Default,Default,Default,Default,Default,Default,Default,Default,Default,Default,Default,Default,DefaultJob,,1,Workload,Jitting,2,197587,16,12349.19,74,0,0,112
InterpolationTests.CombineFormat,StringExtensionsBenchmarks,InterpolationTests,CombineFormat,DefaultJob,Default,Default,Default,Default,Default,Default,Default,Default,Default,Default,Default,Default,Default,Default,Default,Default,Default,Default,Default,Default,Default,Default,Default,Default,Default,Default,Default,Default,Default,Default,Default,Default,Default,Default,Default,Default,Default,Default,Default,Default,Default,DefaultJob,,1,Workload,Pilot,1,6000,16,375,74,0,0,112
InterpolationTests.CombineFormat,StringExtensionsBenchmarks,InterpolationTests,CombineFormat,DefaultJob,Default,Default,Default,Default,Default,Default,Default,Default,Default,Default,Default,Default,Default,Default,Default,Default,Default,Default,Default,Default,Default,Default,Default,Default,Default,Default,Default,Default,Default,Default,Default,Default,Default,Default,Default,Default,Default,Default,Default,Default,Default,DefaultJob,,1,Workload,Pilot,2,9013,32,281.66,74,0,0,112
InterpolationTests.CombineFormat,StringExtensionsBenchmarks,InterpolationTests,CombineFormat,DefaultJob,Default,Default,Default,Default,Default,Default,Default,Default,Default,Default,Default,Default,Default,Default,Default,Default,Default,Default,Default,Default,Default,Default,Default,Default,Default,Default,Default,Default,Default,Default,Default,Default,Default,Default,Default,Default,Default,Default,Default,Default,Default,DefaultJob,,1,Workload,Pilot,3,16262,64,254.09,74,0,0,112
InterpolationTests.CombineFormat,StringExtensionsBenchmarks,InterpolationTests,CombineFormat,DefaultJob,Default,Default,Default,Default,Default,Default,Default,Default,Default,Default,Default,Default,Default,Default,Default,Default,Default,Default,Default,Default,Default,Default,Default,Default,Default,Default,Default,Default,Default,Default,Default,Default,Default,Default,Default,Default,Default,Default,Default,Default,Default,DefaultJob,,1,Workload,Pilot,4,29834,128,233.08,74,0,0,112
InterpolationTests.CombineFormat,StringExtensionsBenchmarks,InterpolationTests,CombineFormat,DefaultJob,Default,Default,Default,Default,Default,Default,Default,Default,Default,Default,Default,Default,Default,Default,Default,Default,Default,Default,Default,Default,Default,Default,Default,Default,Default,Default,Default,Default,Default,Default,Default,Default,Default,Default,Default,Default,Default,Default,Default,Default,Default,DefaultJob,,1,Workload,Pilot,5,58765,256,229.55,74,0,0,112
InterpolationTests.CombineFormat,StringExtensionsBenchmarks,InterpolationTests,CombineFormat,DefaultJob,Default,Default,Default,Default,Default,Default,Default,Default,Default,Default,Default,Default,Default,Default,Default,Default,Default,Default,Default,Default,Default,Default,Default,Default,Default,Default,Default,Default,Default,Default,Default,Default,Default,Default,Default,Default,Default,Default,Default,Default,Default,DefaultJob,,1,Workload,Pilot,6,113863,512,222.39,74,0,0,112
InterpolationTests.CombineFormat,StringExtensionsBenchmarks,InterpolationTests,CombineFormat,DefaultJob,Default,Default,Default,Default,Default,Default,Default,Default,Default,Default,Default,Default,Default,Default,Default,Default,Default,Default,Default,Default,Default,Default,Default,Default,Default,Default,Default,Default,Default,Default,Default,Default,Default,Default,Default,Default,Default,Default,Default,Default,Default,DefaultJob,,1,Workload,Pilot,7,224130,1024,218.88,74,0,0,112
InterpolationTests.CombineFormat,StringExtensionsBenchmarks,InterpolationTests,CombineFormat,DefaultJob,Default,Default,Default,Default,Default,Default,Default,Default,Default,Default,Default,Default,Default,Default,Default,Default,Default,Default,Default,Default,Default,Default,Default,Default,Default,Default,Default,Default,Default,Default,Default,Default,Default,Default,Default,Default,Default,Default,Default,Default,Default,DefaultJob,,1,Workload,Pilot,8,493289,2048,240.86,74,0,0,112
InterpolationTests.CombineFormat,StringExtensionsBenchmarks,InterpolationTests,CombineFormat,DefaultJob,Default,Default,Default,Default,Default,Default,Default,Default,Default,Default,Default,Default,Default,Default,Default,Default,Default,Default,Default,Default,Default,Default,Default,Default,Default,Default,Default,Default,Default,Default,Default,Default,Default,Default,Default,Default,Default,Default,Default,Default,Default,DefaultJob,,1,Workload,Pilot,9,1010731,4096,246.76,74,0,0,112
InterpolationTests.CombineFormat,StringExtensionsBenchmarks,InterpolationTests,CombineFormat,DefaultJob,Default,Default,Default,Default,Default,Default,Default,Default,Default,Default,Default,Default,Default,Default,Default,Default,Default,Default,Default,Default,Default,Default,Default,Default,Default,Default,Default,Default,Default,Default,Default,Default,Default,Default,Default,Default,Default,Default,Default,Default,Default,DefaultJob,,1,Workload,Pilot,10,1937343,8192,236.49,74,0,0,112
InterpolationTests.CombineFormat,StringExtensionsBenchmarks,InterpolationTests,CombineFormat,DefaultJob,Default,Default,Default,Default,Default,Default,Default,Default,Default,Default,Default,Default,Default,Default,Default,Default,Default,Default,Default,Default,Default,Default,Default,Default,Default,Default,Default,Default,Default,Default,Default,Default,Default,Default,Default,Default,Default,Default,Default,Default,Default,DefaultJob,,1,Workload,Pilot,11,3916724,16384,239.06,74,0,0,112
InterpolationTests.CombineFormat,StringExtensionsBenchmarks,InterpolationTests,CombineFormat,DefaultJob,Default,Default,Default,Default,Default,Default,Default,Default,Default,Default,Default,Default,Default,Default,Default,Default,Default,Default,Default,Default,Default,Default,Default,Default,Default,Default,Default,Default,Default,Default,Default,Default,Default,Default,Default,Default,Default,Default,Default,Default,Default,DefaultJob,,1,Workload,Pilot,12,7878093,32768,240.42,74,0,0,112
InterpolationTests.CombineFormat,StringExtensionsBenchmarks,InterpolationTests,CombineFormat,DefaultJob,Default,Default,Default,Default,Default,Default,Default,Default,Default,Default,Default,Default,Default,Default,Default,Default,Default,Default,Default,Default,Default,Default,Default,Default,Default,Default,Default,Default,Default,Default,Default,Default,Default,Default,Default,Default,Default,Default,Default,Default,Default,DefaultJob,,1,Workload,Pilot,13,15656179,65536,238.89,74,0,0,112
InterpolationTests.CombineFormat,StringExtensionsBenchmarks,InterpolationTests,CombineFormat,DefaultJob,Default,Default,Default,Default,Default,Default,Default,Default,Default,Default,Default,Default,Default,Default,Default,Default,Default,Default,Default,Default,Default,Default,Default,Default,Default,Default,Default,Default,Default,Default,Default,Default,Default,Default,Default,Default,Default,Default,Default,Default,Default,DefaultJob,,1,Workload,Pilot,14,29306636,131072,223.59,74,0,0,112
InterpolationTests.CombineFormat,StringExtensionsBenchmarks,InterpolationTests,CombineFormat,DefaultJob,Default,Default,Default,Default,Default,Default,Default,Default,Default,Default,Default,Default,Default,Default,Default,Default,Default,Default,Default,Default,Default,Default,Default,Default,Default,Default,Default,Default,Default,Default,Default,Default,Default,Default,Default,Default,Default,Default,Default,Default,Default,DefaultJob,,1,Workload,Pilot,15,58777297,262144,224.22,74,0,0,112
InterpolationTests.CombineFormat,StringExtensionsBenchmarks,InterpolationTests,CombineFormat,DefaultJob,Default,Default,Default,Default,Default,Default,Default,Default,Default,Default,Default,Default,Default,Default,Default,Default,Default,Default,Default,Default,Default,Default,Default,Default,Default,Default,Default,Default,Default,Default,Default,Default,Default,Default,Default,Default,Default,Default,Default,Default,Default,DefaultJob,,1,Workload,Pilot,16,116238051,524288,221.71,74,0,0,112
InterpolationTests.CombineFormat,StringExtensionsBenchmarks,InterpolationTests,CombineFormat,DefaultJob,Default,Default,Default,Default,Default,Default,Default,Default,Default,Default,Default,Default,Default,Default,Default,Default,Default,Default,Default,Default,Default,Default,Default,Default,Default,Default,Default,Default,Default,Default,Default,Default,Default,Default,Default,Default,Default,Default,Default,Default,Default,DefaultJob,,1,Workload,Pilot,17,214757810,1048576,204.81,74,0,0,112
InterpolationTests.CombineFormat,StringExtensionsBenchmarks,InterpolationTests,CombineFormat,DefaultJob,Default,Default,Default,Default,Default,Default,Default,Default,Default,Default,Default,Default,Default,Default,Default,Default,Default,Default,Default,Default,Default,Default,Default,Default,Default,Default,Default,Default,Default,Default,Default,Default,Default,Default,Default,Default,Default,Default,Default,Default,Default,DefaultJob,,1,Workload,Pilot,18,430319140,2097152,205.19,74,0,0,112
InterpolationTests.CombineFormat,StringExtensionsBenchmarks,InterpolationTests,CombineFormat,DefaultJob,Default,Default,Default,Default,Default,Default,Default,Default,Default,Default,Default,Default,Default,Default,Default,Default,Default,Default,Default,Default,Default,Default,Default,Default,Default,Default,Default,Default,Default,Default,Default,Default,Default,Default,Default,Default,Default,Default,Default,Default,Default,DefaultJob,,1,Workload,Pilot,19,887124247,4194304,211.51,74,0,0,112
InterpolationTests.CombineFormat,StringExtensionsBenchmarks,InterpolationTests,CombineFormat,DefaultJob,Default,Default,Default,Default,Default,Default,Default,Default,Default,Default,Default,Default,Default,Default,Default,Default,Default,Default,Default,Default,Default,Default,Default,Default,Default,Default,Default,Default,Default,Default,Default,Default,Default,Default,Default,Default,Default,Default,Default,Default,Default,DefaultJob,,1,Overhead,Warmup,1,8185756,4194304,1.95,74,0,0,112
InterpolationTests.CombineFormat,StringExtensionsBenchmarks,InterpolationTests,CombineFormat,DefaultJob,Default,Default,Default,Default,Default,Default,Default,Default,Default,Default,Default,Default,Default,Default,Default,Default,Default,Default,Default,Default,Default,Default,Default,Default,Default,Default,Default,Default,Default,Default,Default,Default,Default,Default,Default,Default,Default,Default,Default,Default,Default,DefaultJob,,1,Overhead,Warmup,2,7623711,4194304,1.82,74,0,0,112
InterpolationTests.CombineFormat,StringExtensionsBenchmarks,InterpolationTests,CombineFormat,DefaultJob,Default,Default,Default,Default,Default,Default,Default,Default,Default,Default,Default,Default,Default,Default,Default,Default,Default,Default,Default,Default,Default,Default,Default,Default,Default,Default,Default,Default,Default,Default,Default,Default,Default,Default,Default,Default,Default,Default,Default,Default,Default,DefaultJob,,1,Overhead,Warmup,3,7682753,4194304,1.83,74,0,0,112
InterpolationTests.CombineFormat,StringExtensionsBenchmarks,InterpolationTests,CombineFormat,DefaultJob,Default,Default,Default,Default,Default,Default,Default,Default,Default,Default,Default,Default,Default,Default,Default,Default,Default,Default,Default,Default,Default,Default,Default,Default,Default,Default,Default,Default,Default,Default,Default,Default,Default,Default,Default,Default,Default,Default,Default,Default,Default,DefaultJob,,1,Overhead,Warmup,4,7659557,4194304,1.83,74,0,0,112
InterpolationTests.CombineFormat,StringExtensionsBenchmarks,InterpolationTests,CombineFormat,DefaultJob,Default,Default,Default,Default,Default,Default,Default,Default,Default,Default,Default,Default,Default,Default,Default,Default,Default,Default,Default,Default,Default,Default,Default,Default,Default,Default,Default,Default,Default,Default,Default,Default,Default,Default,Default,Default,Default,Default,Default,Default,Default,DefaultJob,,1,Overhead,Warmup,5,7510886,4194304,1.79,74,0,0,112
InterpolationTests.CombineFormat,StringExtensionsBenchmarks,InterpolationTests,CombineFormat,DefaultJob,Default,Default,Default,Default,Default,Default,Default,Default,Default,Default,Default,Default,Default,Default,Default,Default,Default,Default,Default,Default,Default,Default,Default,Default,Default,Default,Default,Default,Default,Default,Default,Default,Default,Default,Default,Default,Default,Default,Default,Default,Default,DefaultJob,,1,Overhead,Warmup,6,7544854,4194304,1.8,74,0,0,112
InterpolationTests.CombineFormat,StringExtensionsBenchmarks,InterpolationTests,CombineFormat,DefaultJob,Default,Default,Default,Default,Default,Default,Default,Default,Default,Default,Default,Default,Default,Default,Default,Default,Default,Default,Default,Default,Default,Default,Default,Default,Default,Default,Default,Default,Default,Default,Default,Default,Default,Default,Default,Default,Default,Default,Default,Default,Default,DefaultJob,,1,Overhead,Warmup,7,7819644,4194304,1.86,74,0,0,112
InterpolationTests.CombineFormat,StringExtensionsBenchmarks,InterpolationTests,CombineFormat,DefaultJob,Default,Default,Default,Default,Default,Default,Default,Default,Default,Default,Default,Default,Default,Default,Default,Default,Default,Default,Default,Default,Default,Default,Default,Default,Default,Default,Default,Default,Default,Default,Default,Default,Default,Default,Default,Default,Default,Default,Default,Default,Default,DefaultJob,,1,Overhead,Warmup,8,7650950,4194304,1.82,74,0,0,112
InterpolationTests.CombineFormat,StringExtensionsBenchmarks,InterpolationTests,CombineFormat,DefaultJob,Default,Default,Default,Default,Default,Default,Default,Default,Default,Default,Default,Default,Default,Default,Default,Default,Default,Default,Default,Default,Default,Default,Default,Default,Default,Default,Default,Default,Default,Default,Default,Default,Default,Default,Default,Default,Default,Default,Default,Default,Default,DefaultJob,,1,Overhead,Actual,1,7656190,4194304,1.83,74,0,0,112
InterpolationTests.CombineFormat,StringExtensionsBenchmarks,InterpolationTests,CombineFormat,DefaultJob,Default,Default,Default,Default,Default,Default,Default,Default,Default,Default,Default,Default,Default,Default,Default,Default,Default,Default,Default,Default,Default,Default,Default,Default,Default,Default,Default,Default,Default,Default,Default,Default,Default,Default,Default,Default,Default,Default,Default,Default,Default,DefaultJob,,1,Overhead,Actual,2,7647094,4194304,1.82,74,0,0,112
InterpolationTests.CombineFormat,StringExtensionsBenchmarks,InterpolationTests,CombineFormat,DefaultJob,Default,Default,Default,Default,Default,Default,Default,Default,Default,Default,Default,Default,Default,Default,Default,Default,Default,Default,Default,Default,Default,Default,Default,Default,Default,Default,Default,Default,Default,Default,Default,Default,Default,Default,Default,Default,Default,Default,Default,Default,Default,DefaultJob,,1,Overhead,Actual,3,7590577,4194304,1.81,74,0,0,112
InterpolationTests.CombineFormat,StringExtensionsBenchmarks,InterpolationTests,CombineFormat,DefaultJob,Default,Default,Default,Default,Default,Default,Default,Default,Default,Default,Default,Default,Default,Default,Default,Default,Default,Default,Default,Default,Default,Default,Default,Default,Default,Default,Default,Default,Default,Default,Default,Default,Default,Default,Default,Default,Default,Default,Default,Default,Default,DefaultJob,,1,Overhead,Actual,4,7551922,4194304,1.8,74,0,0,112
InterpolationTests.CombineFormat,StringExtensionsBenchmarks,InterpolationTests,CombineFormat,DefaultJob,Default,Default,Default,Default,Default,Default,Default,Default,Default,Default,Default,Default,Default,Default,Default,Default,Default,Default,Default,Default,Default,Default,Default,Default,Default,Default,Default,Default,Default,Default,Default,Default,Default,Default,Default,Default,Default,Default,Default,Default,Default,DefaultJob,,1,Overhead,Actual,5,7721143,4194304,1.84,74,0,0,112
InterpolationTests.CombineFormat,StringExtensionsBenchmarks,InterpolationTests,CombineFormat,DefaultJob,Default,Default,Default,Default,Default,Default,Default,Default,Default,Default,Default,Default,Default,Default,Default,Default,Default,Default,Default,Default,Default,Default,Default,Default,Default,Default,Default,Default,Default,Default,Default,Default,Default,Default,Default,Default,Default,Default,Default,Default,Default,DefaultJob,,1,Overhead,Actual,6,7565656,4194304,1.8,74,0,0,112
InterpolationTests.CombineFormat,StringExtensionsBenchmarks,InterpolationTests,CombineFormat,DefaultJob,Default,Default,Default,Default,Default,Default,Default,Default,Default,Default,Default,Default,Default,Default,Default,Default,Default,Default,Default,Default,Default,Default,Default,Default,Default,Default,Default,Default,Default,Default,Default,Default,Default,Default,Default,Default,Default,Default,Default,Default,Default,DefaultJob,,1,Overhead,Actual,7,7574338,4194304,1.81,74,0,0,112
InterpolationTests.CombineFormat,StringExtensionsBenchmarks,InterpolationTests,CombineFormat,DefaultJob,Default,Default,Default,Default,Default,Default,Default,Default,Default,Default,Default,Default,Default,Default,Default,Default,Default,Default,Default,Default,Default,Default,Default,Default,Default,Default,Default,Default,Default,Default,Default,Default,Default,Default,Default,Default,Default,Default,Default,Default,Default,DefaultJob,,1,Overhead,Actual,8,7730227,4194304,1.84,74,0,0,112
InterpolationTests.CombineFormat,StringExtensionsBenchmarks,InterpolationTests,CombineFormat,DefaultJob,Default,Default,Default,Default,Default,Default,Default,Default,Default,Default,Default,Default,Default,Default,Default,Default,Default,Default,Default,Default,Default,Default,Default,Default,Default,Default,Default,Default,Default,Default,Default,Default,Default,Default,Default,Default,Default,Default,Default,Default,Default,DefaultJob,,1,Overhead,Actual,9,7651962,4194304,1.82,74,0,0,112
InterpolationTests.CombineFormat,StringExtensionsBenchmarks,InterpolationTests,CombineFormat,DefaultJob,Default,Default,Default,Default,Default,Default,Default,Default,Default,Default,Default,Default,Default,Default,Default,Default,Default,Default,Default,Default,Default,Default,Default,Default,Default,Default,Default,Default,Default,Default,Default,Default,Default,Default,Default,Default,Default,Default,Default,Default,Default,DefaultJob,,1,Overhead,Actual,10,8105085,4194304,1.93,74,0,0,112
InterpolationTests.CombineFormat,StringExtensionsBenchmarks,InterpolationTests,CombineFormat,DefaultJob,Default,Default,Default,Default,Default,Default,Default,Default,Default,Default,Default,Default,Default,Default,Default,Default,Default,Default,Default,Default,Default,Default,Default,Default,Default,Default,Default,Default,Default,Default,Default,Default,Default,Default,Default,Default,Default,Default,Default,Default,Default,DefaultJob,,1,Overhead,Actual,11,7739463,4194304,1.85,74,0,0,112
InterpolationTests.CombineFormat,StringExtensionsBenchmarks,InterpolationTests,CombineFormat,DefaultJob,Default,Default,Default,Default,Default,Default,Default,Default,Default,Default,Default,Default,Default,Default,Default,Default,Default,Default,Default,Default,Default,Default,Default,Default,Default,Default,Default,Default,Default,Default,Default,Default,Default,Default,Default,Default,Default,Default,Default,Default,Default,DefaultJob,,1,Overhead,Actual,12,7544210,4194304,1.8,74,0,0,112
InterpolationTests.CombineFormat,StringExtensionsBenchmarks,InterpolationTests,CombineFormat,DefaultJob,Default,Default,Default,Default,Default,Default,Default,Default,Default,Default,Default,Default,Default,Default,Default,Default,Default,Default,Default,Default,Default,Default,Default,Default,Default,Default,Default,Default,Default,Default,Default,Default,Default,Default,Default,Default,Default,Default,Default,Default,Default,DefaultJob,,1,Overhead,Actual,13,7702161,4194304,1.84,74,0,0,112
InterpolationTests.CombineFormat,StringExtensionsBenchmarks,InterpolationTests,CombineFormat,DefaultJob,Default,Default,Default,Default,Default,Default,Default,Default,Default,Default,Default,Default,Default,Default,Default,Default,Default,Default,Default,Default,Default,Default,Default,Default,Default,Default,Default,Default,Default,Default,Default,Default,Default,Default,Default,Default,Default,Default,Default,Default,Default,DefaultJob,,1,Overhead,Actual,14,7798191,4194304,1.86,74,0,0,112
InterpolationTests.CombineFormat,StringExtensionsBenchmarks,InterpolationTests,CombineFormat,DefaultJob,Default,Default,Default,Default,Default,Default,Default,Default,Default,Default,Default,Default,Default,Default,Default,Default,Default,Default,Default,Default,Default,Default,Default,Default,Default,Default,Default,Default,Default,Default,Default,Default,Default,Default,Default,Default,Default,Default,Default,Default,Default,DefaultJob,,1,Overhead,Actual,15,7458953,4194304,1.78,74,0,0,112
InterpolationTests.CombineFormat,StringExtensionsBenchmarks,InterpolationTests,CombineFormat,DefaultJob,Default,Default,Default,Default,Default,Default,Default,Default,Default,Default,Default,Default,Default,Default,Default,Default,Default,Default,Default,Default,Default,Default,Default,Default,Default,Default,Default,Default,Default,Default,Default,Default,Default,Default,Default,Default,Default,Default,Default,Default,Default,DefaultJob,,1,Workload,Warmup,1,882932674,4194304,210.51,74,0,0,112
InterpolationTests.CombineFormat,StringExtensionsBenchmarks,InterpolationTests,CombineFormat,DefaultJob,Default,Default,Default,Default,Default,Default,Default,Default,Default,Default,Default,Default,Default,Default,Default,Default,Default,Default,Default,Default,Default,Default,Default,Default,Default,Default,Default,Default,Default,Default,Default,Default,Default,Default,Default,Default,Default,Default,Default,Default,Default,DefaultJob,,1,Workload,Warmup,2,906857861,4194304,216.21,74,0,0,112
InterpolationTests.CombineFormat,StringExtensionsBenchmarks,InterpolationTests,CombineFormat,DefaultJob,Default,Default,Default,Default,Default,Default,Default,Default,Default,Default,Default,Default,Default,Default,Default,Default,Default,Default,Default,Default,Default,Default,Default,Default,Default,Default,Default,Default,Default,Default,Default,Default,Default,Default,Default,Default,Default,Default,Default,Default,Default,DefaultJob,,1,Workload,Warmup,3,883700390,4194304,210.69,74,0,0,112
InterpolationTests.CombineFormat,StringExtensionsBenchmarks,InterpolationTests,CombineFormat,DefaultJob,Default,Default,Default,Default,Default,Default,Default,Default,Default,Default,Default,Default,Default,Default,Default,Default,Default,Default,Default,Default,Default,Default,Default,Default,Default,Default,Default,Default,Default,Default,Default,Default,Default,Default,Default,Default,Default,Default,Default,Default,Default,DefaultJob,,1,Workload,Warmup,4,869617081,4194304,207.33,74,0,0,112
InterpolationTests.CombineFormat,StringExtensionsBenchmarks,InterpolationTests,CombineFormat,DefaultJob,Default,Default,Default,Default,Default,Default,Default,Default,Default,Default,Default,Default,Default,Default,Default,Default,Default,Default,Default,Default,Default,Default,Default,Default,Default,Default,Default,Default,Default,Default,Default,Default,Default,Default,Default,Default,Default,Default,Default,Default,Default,DefaultJob,,1,Workload,Warmup,5,878812501,4194304,209.53,74,0,0,112
InterpolationTests.CombineFormat,StringExtensionsBenchmarks,InterpolationTests,CombineFormat,DefaultJob,Default,Default,Default,Default,Default,Default,Default,Default,Default,Default,Default,Default,Default,Default,Default,Default,Default,Default,Default,Default,Default,Default,Default,Default,Default,Default,Default,Default,Default,Default,Default,Default,Default,Default,Default,Default,Default,Default,Default,Default,Default,DefaultJob,,1,Workload,Warmup,6,874617851,4194304,208.53,74,0,0,112
InterpolationTests.CombineFormat,StringExtensionsBenchmarks,InterpolationTests,CombineFormat,DefaultJob,Default,Default,Default,Default,Default,Default,Default,Default,Default,Default,Default,Default,Default,Default,Default,Default,Default,Default,Default,Default,Default,Default,Default,Default,Default,Default,Default,Default,Default,Default,Default,Default,Default,Default,Default,Default,Default,Default,Default,Default,Default,DefaultJob,,1,Workload,Actual,1,879856713,4194304,209.77,74,0,0,112
InterpolationTests.CombineFormat,StringExtensionsBenchmarks,InterpolationTests,CombineFormat,DefaultJob,Default,Default,Default,Default,Default,Default,Default,Default,Default,Default,Default,Default,Default,Default,Default,Default,Default,Default,Default,Default,Default,Default,Default,Default,Default,Default,Default,Default,Default,Default,Default,Default,Default,Default,Default,Default,Default,Default,Default,Default,Default,DefaultJob,,1,Workload,Actual,2,846830286,4194304,201.9,74,0,0,112
InterpolationTests.CombineFormat,StringExtensionsBenchmarks,InterpolationTests,CombineFormat,DefaultJob,Default,Default,Default,Default,Default,Default,Default,Default,Default,Default,Default,Default,Default,Default,Default,Default,Default,Default,Default,Default,Default,Default,Default,Default,Default,Default,Default,Default,Default,Default,Default,Default,Default,Default,Default,Default,Default,Default,Default,Default,Default,DefaultJob,,1,Workload,Actual,3,841642131,4194304,200.66,74,0,0,112
InterpolationTests.CombineFormat,StringExtensionsBenchmarks,InterpolationTests,CombineFormat,DefaultJob,Default,Default,Default,Default,Default,Default,Default,Default,Default,Default,Default,Default,Default,Default,Default,Default,Default,Default,Default,Default,Default,Default,Default,Default,Default,Default,Default,Default,Default,Default,Default,Default,Default,Default,Default,Default,Default,Default,Default,Default,Default,DefaultJob,,1,Workload,Actual,4,836511502,4194304,199.44,74,0,0,112
InterpolationTests.CombineFormat,StringExtensionsBenchmarks,InterpolationTests,CombineFormat,DefaultJob,Default,Default,Default,Default,Default,Default,Default,Default,Default,Default,Default,Default,Default,Default,Default,Default,Default,Default,Default,Default,Default,Default,Default,Default,Default,Default,Default,Default,Default,Default,Default,Default,Default,Default,Default,Default,Default,Default,Default,Default,Default,DefaultJob,,1,Workload,Actual,5,840058320,4194304,200.29,74,0,0,112
InterpolationTests.CombineFormat,StringExtensionsBenchmarks,InterpolationTests,CombineFormat,DefaultJob,Default,Default,Default,Default,Default,Default,Default,Default,Default,Default,Default,Default,Default,Default,Default,Default,Default,Default,Default,Default,Default,Default,Default,Default,Default,Default,Default,Default,Default,Default,Default,Default,Default,Default,Default,Default,Default,Default,Default,Default,Default,DefaultJob,,1,Workload,Actual,6,841153218,4194304,200.55,74,0,0,112
InterpolationTests.CombineFormat,StringExtensionsBenchmarks,InterpolationTests,CombineFormat,DefaultJob,Default,Default,Default,Default,Default,Default,Default,Default,Default,Default,Default,Default,Default,Default,Default,Default,Default,Default,Default,Default,Default,Default,Default,Default,Default,Default,Default,Default,Default,Default,Default,Default,Default,Default,Default,Default,Default,Default,Default,Default,Default,DefaultJob,,1,Workload,Actual,7,836071436,4194304,199.33,74,0,0,112
InterpolationTests.CombineFormat,StringExtensionsBenchmarks,InterpolationTests,CombineFormat,DefaultJob,Default,Default,Default,Default,Default,Default,Default,Default,Default,Default,Default,Default,Default,Default,Default,Default,Default,Default,Default,Default,Default,Default,Default,Default,Default,Default,Default,Default,Default,Default,Default,Default,Default,Default,Default,Default,Default,Default,Default,Default,Default,DefaultJob,,1,Workload,Actual,8,845050754,4194304,201.48,74,0,0,112
InterpolationTests.CombineFormat,StringExtensionsBenchmarks,InterpolationTests,CombineFormat,DefaultJob,Default,Default,Default,Default,Default,Default,Default,Default,Default,Default,Default,Default,Default,Default,Default,Default,Default,Default,Default,Default,Default,Default,Default,Default,Default,Default,Default,Default,Default,Default,Default,Default,Default,Default,Default,Default,Default,Default,Default,Default,Default,DefaultJob,,1,Workload,Actual,9,841951691,4194304,200.74,74,0,0,112
InterpolationTests.CombineFormat,StringExtensionsBenchmarks,InterpolationTests,CombineFormat,DefaultJob,Default,Default,Default,Default,Default,Default,Default,Default,Default,Default,Default,Default,Default,Default,Default,Default,Default,Default,Default,Default,Default,Default,Default,Default,Default,Default,Default,Default,Default,Default,Default,Default,Default,Default,Default,Default,Default,Default,Default,Default,Default,DefaultJob,,1,Workload,Actual,10,850560516,4194304,202.79,74,0,0,112
InterpolationTests.CombineFormat,StringExtensionsBenchmarks,InterpolationTests,CombineFormat,DefaultJob,Default,Default,Default,Default,Default,Default,Default,Default,Default,Default,Default,Default,Default,Default,Default,Default,Default,Default,Default,Default,Default,Default,Default,Default,Default,Default,Default,Default,Default,Default,Default,Default,Default,Default,Default,Default,Default,Default,Default,Default,Default,DefaultJob,,1,Workload,Actual,11,842563368,4194304,200.88,74,0,0,112
InterpolationTests.CombineFormat,StringExtensionsBenchmarks,InterpolationTests,CombineFormat,DefaultJob,Default,Default,Default,Default,Default,Default,Default,Default,Default,Default,Default,Default,Default,Default,Default,Default,Default,Default,Default,Default,Default,Default,Default,Default,Default,Default,Default,Default,Default,Default,Default,Default,Default,Default,Default,Default,Default,Default,Default,Default,Default,DefaultJob,,1,Workload,Actual,12,835709343,4194304,199.25,74,0,0,112
InterpolationTests.CombineFormat,StringExtensionsBenchmarks,InterpolationTests,CombineFormat,DefaultJob,Default,Default,Default,Default,Default,Default,Default,Default,Default,Default,Default,Default,Default,Default,Default,Default,Default,Default,Default,Default,Default,Default,Default,Default,Default,Default,Default,Default,Default,Default,Default,Default,Default,Default,Default,Default,Default,Default,Default,Default,Default,DefaultJob,,1,Workload,Actual,13,834822929,4194304,199.04,74,0,0,112
InterpolationTests.CombineFormat,StringExtensionsBenchmarks,InterpolationTests,CombineFormat,DefaultJob,Default,Default,Default,Default,Default,Default,Default,Default,Default,Default,Default,Default,Default,Default,Default,Default,Default,Default,Default,Default,Default,Default,Default,Default,Default,Default,Default,Default,Default,Default,Default,Default,Default,Default,Default,Default,Default,Default,Default,Default,Default,DefaultJob,,1,Workload,Actual,14,841984367,4194304,200.74,74,0,0,112
InterpolationTests.CombineFormat,StringExtensionsBenchmarks,InterpolationTests,CombineFormat,DefaultJob,Default,Default,Default,Default,Default,Default,Default,Default,Default,Default,Default,Default,Default,Default,Default,Default,Default,Default,Default,Default,Default,Default,Default,Default,Default,Default,Default,Default,Default,Default,Default,Default,Default,Default,Default,Default,Default,Default,Default,Default,Default,DefaultJob,,1,Workload,Actual,15,881175879,4194304,210.09,74,0,0,112
InterpolationTests.CombineFormat,StringExtensionsBenchmarks,InterpolationTests,CombineFormat,DefaultJob,Default,Default,Default,Default,Default,Default,Default,Default,Default,Default,Default,Default,Default,Default,Default,Default,Default,Default,Default,Default,Default,Default,Default,Default,Default,Default,Default,Default,Default,Default,Default,Default,Default,Default,Default,Default,Default,Default,Default,Default,Default,DefaultJob,,1,Workload,Result,1,839178324,4194304,200.08,74,0,0,112
InterpolationTests.CombineFormat,StringExtensionsBenchmarks,InterpolationTests,CombineFormat,DefaultJob,Default,Default,Default,Default,Default,Default,Default,Default,Default,Default,Default,Default,Default,Default,Default,Default,Default,Default,Default,Default,Default,Default,Default,Default,Default,Default,Default,Default,Default,Default,Default,Default,Default,Default,Default,Default,Default,Default,Default,Default,Default,DefaultJob,,1,Workload,Result,2,833990169,4194304,198.84,74,0,0,112
InterpolationTests.CombineFormat,StringExtensionsBenchmarks,InterpolationTests,CombineFormat,DefaultJob,Default,Default,Default,Default,Default,Default,Default,Default,Default,Default,Default,Default,Default,Default,Default,Default,Default,Default,Default,Default,Default,Default,Default,Default,Default,Default,Default,Default,Default,Default,Default,Default,Default,Default,Default,Default,Default,Default,Default,Default,Default,DefaultJob,,1,Workload,Result,3,828859540,4194304,197.62,74,0,0,112
InterpolationTests.CombineFormat,StringExtensionsBenchmarks,InterpolationTests,CombineFormat,DefaultJob,Default,Default,Default,Default,Default,Default,Default,Default,Default,Default,Default,Default,Default,Default,Default,Default,Default,Default,Default,Default,Default,Default,Default,Default,Default,Default,Default,Default,Default,Default,Default,Default,Default,Default,Default,Default,Default,Default,Default,Default,Default,DefaultJob,,1,Workload,Result,4,832406358,4194304,198.46,74,0,0,112
InterpolationTests.CombineFormat,StringExtensionsBenchmarks,InterpolationTests,CombineFormat,DefaultJob,Default,Default,Default,Default,Default,Default,Default,Default,Default,Default,Default,Default,Default,Default,Default,Default,Default,Default,Default,Default,Default,Default,Default,Default,Default,Default,Default,Default,Default,Default,Default,Default,Default,Default,Default,Default,Default,Default,Default,Default,Default,DefaultJob,,1,Workload,Result,5,833501256,4194304,198.72,74,0,0,112
InterpolationTests.CombineFormat,StringExtensionsBenchmarks,InterpolationTests,CombineFormat,DefaultJob,Default,Default,Default,Default,Default,Default,Default,Default,Default,Default,Default,Default,Default,Default,Default,Default,Default,Default,Default,Default,Default,Default,Default,Default,Default,Default,Default,Default,Default,Default,Default,Default,Default,Default,Default,Default,Default,Default,Default,Default,Default,DefaultJob,,1,Workload,Result,6,828419474,4194304,197.51,74,0,0,112
InterpolationTests.CombineFormat,StringExtensionsBenchmarks,InterpolationTests,CombineFormat,DefaultJob,Default,Default,Default,Default,Default,Default,Default,Default,Default,Default,Default,Default,Default,Default,Default,Default,Default,Default,Default,Default,Default,Default,Default,Default,Default,Default,Default,Default,Default,Default,Default,Default,Default,Default,Default,Default,Default,Default,Default,Default,Default,DefaultJob,,1,Workload,Result,7,837398792,4194304,199.65,74,0,0,112
InterpolationTests.CombineFormat,StringExtensionsBenchmarks,InterpolationTests,CombineFormat,DefaultJob,Default,Default,Default,Default,Default,Default,Default,Default,Default,Default,Default,Default,Default,Default,Default,Default,Default,Default,Default,Default,Default,Default,Default,Default,Default,Default,Default,Default,Default,Default,Default,Default,Default,Default,Default,Default,Default,Default,Default,Default,Default,DefaultJob,,1,Workload,Result,8,834299729,4194304,198.91,74,0,0,112
InterpolationTests.CombineFormat,StringExtensionsBenchmarks,InterpolationTests,CombineFormat,DefaultJob,Default,Default,Default,Default,Default,Default,Default,Default,Default,Default,Default,Default,Default,Default,Default,Default,Default,Default,Default,Default,Default,Default,Default,Default,Default,Default,Default,Default,Default,Default,Default,Default,Default,Default,Default,Default,Default,Default,Default,Default,Default,DefaultJob,,1,Workload,Result,9,842908554,4194304,200.97,74,0,0,112
InterpolationTests.CombineFormat,StringExtensionsBenchmarks,InterpolationTests,CombineFormat,DefaultJob,Default,Default,Default,Default,Default,Default,Default,Default,Default,Default,Default,Default,Default,Default,Default,Default,Default,Default,Default,Default,Default,Default,Default,Default,Default,Default,Default,Default,Default,Default,Default,Default,Default,Default,Default,Default,Default,Default,Default,Default,Default,DefaultJob,,1,Workload,Result,10,834911406,4194304,199.06,74,0,0,112
InterpolationTests.CombineFormat,StringExtensionsBenchmarks,InterpolationTests,CombineFormat,DefaultJob,Default,Default,Default,Default,Default,Default,Default,Default,Default,Default,Default,Default,Default,Default,Default,Default,Default,Default,Default,Default,Default,Default,Default,Default,Default,Default,Default,Default,Default,Default,Default,Default,Default,Default,Default,Default,Default,Default,Default,Default,Default,DefaultJob,,1,Workload,Result,11,828057381,4194304,197.42,74,0,0,112
InterpolationTests.CombineFormat,StringExtensionsBenchmarks,InterpolationTests,CombineFormat,DefaultJob,Default,Default,Default,Default,Default,Default,Default,Default,Default,Default,Default,Default,Default,Default,Default,Default,Default,Default,Default,Default,Default,Default,Default,Default,Default,Default,Default,Default,Default,Default,Default,Default,Default,Default,Default,Default,Default,Default,Default,Default,Default,DefaultJob,,1,Workload,Result,12,827170967,4194304,197.21,74,0,0,112
InterpolationTests.CombineFormat,StringExtensionsBenchmarks,InterpolationTests,CombineFormat,DefaultJob,Default,Default,Default,Default,Default,Default,Default,Default,Default,Default,Default,Default,Default,Default,Default,Default,Default,Default,Default,Default,Default,Default,Default,Default,Default,Default,Default,Default,Default,Default,Default,Default,Default,Default,Default,Default,Default,Default,Default,Default,Default,DefaultJob,,1,Workload,Result,13,834332405,4194304,198.92,74,0,0,112
